{
  "enums": {
    "ImAxis_": [
      {
        "calc_value": 0,
        "name": "ImAxis_X1",
        "value": "0"
      },
      {
        "calc_value": 1,
        "name": "ImAxis_X2",
        "value": "1"
      },
      {
        "calc_value": 2,
        "name": "ImAxis_X3",
        "value": "2"
      },
      {
        "calc_value": 3,
        "name": "ImAxis_Y1",
        "value": "3"
      },
      {
        "calc_value": 4,
        "name": "ImAxis_Y2",
        "value": "4"
      },
      {
        "calc_value": 5,
        "name": "ImAxis_Y3",
        "value": "5"
      },
      {
        "calc_value": 6,
        "name": "ImAxis_COUNT",
        "value": "6"
      }
    ],
    "ImPlotAxisFlags_": [
      {
        "calc_value": 0,
        "name": "ImPlotAxisFlags_None",
        "value": "0"
      },
      {
        "calc_value": 1,
        "name": "ImPlotAxisFlags_NoLabel",
        "value": "1 << 0"
      },
      {
        "calc_value": 2,
        "name": "ImPlotAxisFlags_NoGridLines",
        "value": "1 << 1"
      },
      {
        "calc_value": 4,
        "name": "ImPlotAxisFlags_NoTickMarks",
        "value": "1 << 2"
      },
      {
        "calc_value": 8,
        "name": "ImPlotAxisFlags_NoTickLabels",
        "value": "1 << 3"
      },
      {
        "calc_value": 16,
        "name": "ImPlotAxisFlags_NoInitialFit",
        "value": "1 << 4"
      },
      {
        "calc_value": 32,
        "name": "ImPlotAxisFlags_NoMenus",
        "value": "1 << 5"
      },
      {
        "calc_value": 64,
        "name": "ImPlotAxisFlags_Opposite",
        "value": "1 << 6"
      },
      {
        "calc_value": 128,
        "name": "ImPlotAxisFlags_Foreground",
        "value": "1 << 7"
      },
      {
        "calc_value": 256,
        "name": "ImPlotAxisFlags_LogScale",
        "value": "1 << 8"
      },
      {
        "calc_value": 512,
        "name": "ImPlotAxisFlags_Time",
        "value": "1 << 9"
      },
      {
        "calc_value": 1024,
        "name": "ImPlotAxisFlags_Invert",
        "value": "1 << 10"
      },
      {
        "calc_value": 2048,
        "name": "ImPlotAxisFlags_AutoFit",
        "value": "1 << 11"
      },
      {
        "calc_value": 4096,
        "name": "ImPlotAxisFlags_RangeFit",
        "value": "1 << 12"
      },
      {
        "calc_value": 8192,
        "name": "ImPlotAxisFlags_LockMin",
        "value": "1 << 13"
      },
      {
        "calc_value": 16384,
        "name": "ImPlotAxisFlags_LockMax",
        "value": "1 << 14"
      },
      {
        "calc_value": 24576,
        "name": "ImPlotAxisFlags_Lock",
        "value": "ImPlotAxisFlags_LockMin | ImPlotAxisFlags_LockMax"
      },
      {
        "calc_value": 15,
        "name": "ImPlotAxisFlags_NoDecorations",
        "value": "ImPlotAxisFlags_NoLabel | ImPlotAxisFlags_NoGridLines | ImPlotAxisFlags_NoTickMarks | ImPlotAxisFlags_NoTickLabels"
      },
      {
        "calc_value": 66,
        "name": "ImPlotAxisFlags_AuxDefault",
        "value": "ImPlotAxisFlags_NoGridLines | ImPlotAxisFlags_Opposite"
      }
    ],
    "ImPlotBarGroupsFlags_": [
      {
        "calc_value": 0,
        "name": "ImPlotBarGroupsFlags_None",
        "value": "0"
      },
      {
        "calc_value": 1,
        "name": "ImPlotBarGroupsFlags_Stacked",
        "value": "1 << 0"
      }
    ],
    "ImPlotBin_": [
      {
        "calc_value": -1,
        "name": "ImPlotBin_Sqrt",
        "value": "-1"
      },
      {
        "calc_value": -2,
        "name": "ImPlotBin_Sturges",
        "value": "-2"
      },
      {
        "calc_value": -3,
        "name": "ImPlotBin_Rice",
        "value": "-3"
      },
      {
        "calc_value": -4,
        "name": "ImPlotBin_Scott",
        "value": "-4"
      }
    ],
    "ImPlotCol_": [
      {
        "calc_value": 0,
        "name": "ImPlotCol_Line",
        "value": "0"
      },
      {
        "calc_value": 1,
        "name": "ImPlotCol_Fill",
        "value": "1"
      },
      {
        "calc_value": 2,
        "name": "ImPlotCol_MarkerOutline",
        "value": "2"
      },
      {
        "calc_value": 3,
        "name": "ImPlotCol_MarkerFill",
        "value": "3"
      },
      {
        "calc_value": 4,
        "name": "ImPlotCol_ErrorBar",
        "value": "4"
      },
      {
        "calc_value": 5,
        "name": "ImPlotCol_FrameBg",
        "value": "5"
      },
      {
        "calc_value": 6,
        "name": "ImPlotCol_PlotBg",
        "value": "6"
      },
      {
        "calc_value": 7,
        "name": "ImPlotCol_PlotBorder",
        "value": "7"
      },
      {
        "calc_value": 8,
        "name": "ImPlotCol_LegendBg",
        "value": "8"
      },
      {
        "calc_value": 9,
        "name": "ImPlotCol_LegendBorder",
        "value": "9"
      },
      {
        "calc_value": 10,
        "name": "ImPlotCol_LegendText",
        "value": "10"
      },
      {
        "calc_value": 11,
        "name": "ImPlotCol_TitleText",
        "value": "11"
      },
      {
        "calc_value": 12,
        "name": "ImPlotCol_InlayText",
        "value": "12"
      },
      {
        "calc_value": 13,
        "name": "ImPlotCol_AxisText",
        "value": "13"
      },
      {
        "calc_value": 14,
        "name": "ImPlotCol_AxisGrid",
        "value": "14"
      },
      {
        "calc_value": 15,
        "name": "ImPlotCol_AxisTick",
        "value": "15"
      },
      {
        "calc_value": 16,
        "name": "ImPlotCol_AxisBg",
        "value": "16"
      },
      {
        "calc_value": 17,
        "name": "ImPlotCol_AxisBgHovered",
        "value": "17"
      },
      {
        "calc_value": 18,
        "name": "ImPlotCol_AxisBgActive",
        "value": "18"
      },
      {
        "calc_value": 19,
        "name": "ImPlotCol_Selection",
        "value": "19"
      },
      {
        "calc_value": 20,
        "name": "ImPlotCol_Crosshairs",
        "value": "20"
      },
      {
        "calc_value": 21,
        "name": "ImPlotCol_COUNT",
        "value": "21"
      }
    ],
    "ImPlotColormap_": [
      {
        "calc_value": 0,
        "name": "ImPlotColormap_Deep",
        "value": "0"
      },
      {
        "calc_value": 1,
        "name": "ImPlotColormap_Dark",
        "value": "1"
      },
      {
        "calc_value": 2,
        "name": "ImPlotColormap_Pastel",
        "value": "2"
      },
      {
        "calc_value": 3,
        "name": "ImPlotColormap_Paired",
        "value": "3"
      },
      {
        "calc_value": 4,
        "name": "ImPlotColormap_Viridis",
        "value": "4"
      },
      {
        "calc_value": 5,
        "name": "ImPlotColormap_Plasma",
        "value": "5"
      },
      {
        "calc_value": 6,
        "name": "ImPlotColormap_Hot",
        "value": "6"
      },
      {
        "calc_value": 7,
        "name": "ImPlotColormap_Cool",
        "value": "7"
      },
      {
        "calc_value": 8,
        "name": "ImPlotColormap_Pink",
        "value": "8"
      },
      {
        "calc_value": 9,
        "name": "ImPlotColormap_Jet",
        "value": "9"
      },
      {
        "calc_value": 10,
        "name": "ImPlotColormap_Twilight",
        "value": "10"
      },
      {
        "calc_value": 11,
        "name": "ImPlotColormap_RdBu",
        "value": "11"
      },
      {
        "calc_value": 12,
        "name": "ImPlotColormap_BrBG",
        "value": "12"
      },
      {
        "calc_value": 13,
        "name": "ImPlotColormap_PiYG",
        "value": "13"
      },
      {
        "calc_value": 14,
        "name": "ImPlotColormap_Spectral",
        "value": "14"
      },
      {
        "calc_value": 15,
        "name": "ImPlotColormap_Greys",
        "value": "15"
      }
    ],
    "ImPlotCond_": [
      {
        "calc_value": 0,
        "name": "ImPlotCond_None",
        "value": "ImGuiCond_None"
      },
      {
        "calc_value": 1,
        "name": "ImPlotCond_Always",
        "value": "ImGuiCond_Always"
      },
      {
        "calc_value": 2,
        "name": "ImPlotCond_Once",
        "value": "ImGuiCond_Once"
      }
    ],
    "ImPlotDateFmt_": [
      {
        "calc_value": 0,
        "name": "ImPlotDateFmt_None",
        "value": "0"
      },
      {
        "calc_value": 1,
        "name": "ImPlotDateFmt_DayMo",
        "value": "1"
      },
      {
        "calc_value": 2,
        "name": "ImPlotDateFmt_DayMoYr",
        "value": "2"
      },
      {
        "calc_value": 3,
        "name": "ImPlotDateFmt_MoYr",
        "value": "3"
      },
      {
        "calc_value": 4,
        "name": "ImPlotDateFmt_Mo",
        "value": "4"
      },
      {
        "calc_value": 5,
        "name": "ImPlotDateFmt_Yr",
        "value": "5"
      }
    ],
    "ImPlotDragToolFlags_": [
      {
        "calc_value": 0,
        "name": "ImPlotDragToolFlags_None",
        "value": "0"
      },
      {
        "calc_value": 1,
        "name": "ImPlotDragToolFlags_NoCursors",
        "value": "1 << 0"
      },
      {
        "calc_value": 2,
        "name": "ImPlotDragToolFlags_NoFit",
        "value": "1 << 1"
      },
      {
        "calc_value": 4,
        "name": "ImPlotDragToolFlags_NoInputs",
        "value": "1 << 2"
      },
      {
        "calc_value": 8,
        "name": "ImPlotDragToolFlags_Delayed",
        "value": "1 << 3"
      }
    ],
    "ImPlotFlags_": [
      {
        "calc_value": 0,
        "name": "ImPlotFlags_None",
        "value": "0"
      },
      {
        "calc_value": 1,
        "name": "ImPlotFlags_NoTitle",
        "value": "1 << 0"
      },
      {
        "calc_value": 2,
        "name": "ImPlotFlags_NoLegend",
        "value": "1 << 1"
      },
      {
        "calc_value": 4,
        "name": "ImPlotFlags_NoMouseText",
        "value": "1 << 2"
      },
      {
        "calc_value": 8,
        "name": "ImPlotFlags_NoInputs",
        "value": "1 << 3"
      },
      {
        "calc_value": 16,
        "name": "ImPlotFlags_NoMenus",
        "value": "1 << 4"
      },
      {
        "calc_value": 32,
        "name": "ImPlotFlags_NoBoxSelect",
        "value": "1 << 5"
      },
      {
        "calc_value": 64,
        "name": "ImPlotFlags_NoChild",
        "value": "1 << 6"
      },
      {
        "calc_value": 128,
        "name": "ImPlotFlags_NoFrame",
        "value": "1 << 7"
      },
      {
        "calc_value": 256,
        "name": "ImPlotFlags_Equal",
        "value": "1 << 8"
      },
      {
        "calc_value": 512,
        "name": "ImPlotFlags_Crosshairs",
        "value": "1 << 9"
      },
      {
        "calc_value": 1024,
        "name": "ImPlotFlags_AntiAliased",
        "value": "1 << 10"
      },
      {
        "calc_value": 55,
        "name": "ImPlotFlags_CanvasOnly",
        "value": "ImPlotFlags_NoTitle | ImPlotFlags_NoLegend | ImPlotFlags_NoMenus | ImPlotFlags_NoBoxSelect | ImPlotFlags_NoMouseText"
      }
    ],
    "ImPlotLegendFlags_": [
      {
        "calc_value": 0,
        "name": "ImPlotLegendFlags_None",
        "value": "0"
      },
      {
        "calc_value": 1,
        "name": "ImPlotLegendFlags_NoButtons",
        "value": "1 << 0"
      },
      {
        "calc_value": 2,
        "name": "ImPlotLegendFlags_NoHighlightItem",
        "value": "1 << 1"
      },
      {
        "calc_value": 4,
        "name": "ImPlotLegendFlags_NoHighlightAxis",
        "value": "1 << 2"
      },
      {
        "calc_value": 8,
        "name": "ImPlotLegendFlags_NoMenus",
        "value": "1 << 3"
      },
      {
        "calc_value": 16,
        "name": "ImPlotLegendFlags_Outside",
        "value": "1 << 4"
      },
      {
        "calc_value": 32,
        "name": "ImPlotLegendFlags_Horizontal",
        "value": "1 << 5"
      }
    ],
    "ImPlotLocation_": [
      {
        "calc_value": 0,
        "name": "ImPlotLocation_Center",
        "value": "0"
      },
      {
        "calc_value": 1,
        "name": "ImPlotLocation_North",
        "value": "1 << 0"
      },
      {
        "calc_value": 2,
        "name": "ImPlotLocation_South",
        "value": "1 << 1"
      },
      {
        "calc_value": 4,
        "name": "ImPlotLocation_West",
        "value": "1 << 2"
      },
      {
        "calc_value": 8,
        "name": "ImPlotLocation_East",
        "value": "1 << 3"
      },
      {
        "calc_value": 5,
        "name": "ImPlotLocation_NorthWest",
        "value": "ImPlotLocation_North | ImPlotLocation_West"
      },
      {
        "calc_value": 9,
        "name": "ImPlotLocation_NorthEast",
        "value": "ImPlotLocation_North | ImPlotLocation_East"
      },
      {
        "calc_value": 6,
        "name": "ImPlotLocation_SouthWest",
        "value": "ImPlotLocation_South | ImPlotLocation_West"
      },
      {
        "calc_value": 10,
        "name": "ImPlotLocation_SouthEast",
        "value": "ImPlotLocation_South | ImPlotLocation_East"
      }
    ],
    "ImPlotMarker_": [
      {
        "calc_value": -1,
        "name": "ImPlotMarker_None",
        "value": "-1"
      },
      {
        "calc_value": 0,
        "name": "ImPlotMarker_Circle",
        "value": "0"
      },
      {
        "calc_value": 1,
        "name": "ImPlotMarker_Square",
        "value": "1"
      },
      {
        "calc_value": 2,
        "name": "ImPlotMarker_Diamond",
        "value": "2"
      },
      {
        "calc_value": 3,
        "name": "ImPlotMarker_Up",
        "value": "3"
      },
      {
        "calc_value": 4,
        "name": "ImPlotMarker_Down",
        "value": "4"
      },
      {
        "calc_value": 5,
        "name": "ImPlotMarker_Left",
        "value": "5"
      },
      {
        "calc_value": 6,
        "name": "ImPlotMarker_Right",
        "value": "6"
      },
      {
        "calc_value": 7,
        "name": "ImPlotMarker_Cross",
        "value": "7"
      },
      {
        "calc_value": 8,
        "name": "ImPlotMarker_Plus",
        "value": "8"
      },
      {
        "calc_value": 9,
        "name": "ImPlotMarker_Asterisk",
        "value": "9"
      },
      {
        "calc_value": 10,
        "name": "ImPlotMarker_COUNT",
        "value": "10"
      }
    ],
    "ImPlotMouseTextFlags_": [
      {
        "calc_value": 0,
        "name": "ImPlotMouseTextFlags_None",
        "value": "0"
      },
      {
        "calc_value": 1,
        "name": "ImPlotMouseTextFlags_NoAuxAxes",
        "value": "1 << 0"
      },
      {
        "calc_value": 2,
        "name": "ImPlotMouseTextFlags_NoFormat",
        "value": "1 << 1"
      },
      {
        "calc_value": 4,
        "name": "ImPlotMouseTextFlags_ShowAlways",
        "value": "1 << 2"
      }
    ],
    "ImPlotScale_": [
      {
        "calc_value": 0,
        "name": "ImPlotScale_LinLin",
        "value": "0"
      },
      {
        "calc_value": 1,
        "name": "ImPlotScale_LogLin",
        "value": "1"
      },
      {
        "calc_value": 2,
        "name": "ImPlotScale_LinLog",
        "value": "2"
      },
      {
        "calc_value": 3,
        "name": "ImPlotScale_LogLog",
        "value": "3"
      }
    ],
    "ImPlotStyleVar_": [
      {
        "calc_value": 0,
        "name": "ImPlotStyleVar_LineWeight",
        "value": "0"
      },
      {
        "calc_value": 1,
        "name": "ImPlotStyleVar_Marker",
        "value": "1"
      },
      {
        "calc_value": 2,
        "name": "ImPlotStyleVar_MarkerSize",
        "value": "2"
      },
      {
        "calc_value": 3,
        "name": "ImPlotStyleVar_MarkerWeight",
        "value": "3"
      },
      {
        "calc_value": 4,
        "name": "ImPlotStyleVar_FillAlpha",
        "value": "4"
      },
      {
        "calc_value": 5,
        "name": "ImPlotStyleVar_ErrorBarSize",
        "value": "5"
      },
      {
        "calc_value": 6,
        "name": "ImPlotStyleVar_ErrorBarWeight",
        "value": "6"
      },
      {
        "calc_value": 7,
        "name": "ImPlotStyleVar_DigitalBitHeight",
        "value": "7"
      },
      {
        "calc_value": 8,
        "name": "ImPlotStyleVar_DigitalBitGap",
        "value": "8"
      },
      {
        "calc_value": 9,
        "name": "ImPlotStyleVar_PlotBorderSize",
        "value": "9"
      },
      {
        "calc_value": 10,
        "name": "ImPlotStyleVar_MinorAlpha",
        "value": "10"
      },
      {
        "calc_value": 11,
        "name": "ImPlotStyleVar_MajorTickLen",
        "value": "11"
      },
      {
        "calc_value": 12,
        "name": "ImPlotStyleVar_MinorTickLen",
        "value": "12"
      },
      {
        "calc_value": 13,
        "name": "ImPlotStyleVar_MajorTickSize",
        "value": "13"
      },
      {
        "calc_value": 14,
        "name": "ImPlotStyleVar_MinorTickSize",
        "value": "14"
      },
      {
        "calc_value": 15,
        "name": "ImPlotStyleVar_MajorGridSize",
        "value": "15"
      },
      {
        "calc_value": 16,
        "name": "ImPlotStyleVar_MinorGridSize",
        "value": "16"
      },
      {
        "calc_value": 17,
        "name": "ImPlotStyleVar_PlotPadding",
        "value": "17"
      },
      {
        "calc_value": 18,
        "name": "ImPlotStyleVar_LabelPadding",
        "value": "18"
      },
      {
        "calc_value": 19,
        "name": "ImPlotStyleVar_LegendPadding",
        "value": "19"
      },
      {
        "calc_value": 20,
        "name": "ImPlotStyleVar_LegendInnerPadding",
        "value": "20"
      },
      {
        "calc_value": 21,
        "name": "ImPlotStyleVar_LegendSpacing",
        "value": "21"
      },
      {
        "calc_value": 22,
        "name": "ImPlotStyleVar_MousePosPadding",
        "value": "22"
      },
      {
        "calc_value": 23,
        "name": "ImPlotStyleVar_AnnotationPadding",
        "value": "23"
      },
      {
        "calc_value": 24,
        "name": "ImPlotStyleVar_FitPadding",
        "value": "24"
      },
      {
        "calc_value": 25,
        "name": "ImPlotStyleVar_PlotDefaultSize",
        "value": "25"
      },
      {
        "calc_value": 26,
        "name": "ImPlotStyleVar_PlotMinSize",
        "value": "26"
      },
      {
        "calc_value": 27,
        "name": "ImPlotStyleVar_COUNT",
        "value": "27"
      }
    ],
    "ImPlotSubplotFlags_": [
      {
        "calc_value": 0,
        "name": "ImPlotSubplotFlags_None",
        "value": "0"
      },
      {
        "calc_value": 1,
        "name": "ImPlotSubplotFlags_NoTitle",
        "value": "1 << 0"
      },
      {
        "calc_value": 2,
        "name": "ImPlotSubplotFlags_NoLegend",
        "value": "1 << 1"
      },
      {
        "calc_value": 4,
        "name": "ImPlotSubplotFlags_NoMenus",
        "value": "1 << 2"
      },
      {
        "calc_value": 8,
        "name": "ImPlotSubplotFlags_NoResize",
        "value": "1 << 3"
      },
      {
        "calc_value": 16,
        "name": "ImPlotSubplotFlags_NoAlign",
        "value": "1 << 4"
      },
      {
        "calc_value": 32,
        "name": "ImPlotSubplotFlags_ShareItems",
        "value": "1 << 5"
      },
      {
        "calc_value": 64,
        "name": "ImPlotSubplotFlags_LinkRows",
        "value": "1 << 6"
      },
      {
        "calc_value": 128,
        "name": "ImPlotSubplotFlags_LinkCols",
        "value": "1 << 7"
      },
      {
        "calc_value": 256,
        "name": "ImPlotSubplotFlags_LinkAllX",
        "value": "1 << 8"
      },
      {
        "calc_value": 512,
        "name": "ImPlotSubplotFlags_LinkAllY",
        "value": "1 << 9"
      },
      {
        "calc_value": 1024,
        "name": "ImPlotSubplotFlags_ColMajor",
        "value": "1 << 10"
      }
    ],
    "ImPlotTimeFmt_": [
      {
        "calc_value": 0,
        "name": "ImPlotTimeFmt_None",
        "value": "0"
      },
      {
        "calc_value": 1,
        "name": "ImPlotTimeFmt_Us",
        "value": "1"
      },
      {
        "calc_value": 2,
        "name": "ImPlotTimeFmt_SUs",
        "value": "2"
      },
      {
        "calc_value": 3,
        "name": "ImPlotTimeFmt_SMs",
        "value": "3"
      },
      {
        "calc_value": 4,
        "name": "ImPlotTimeFmt_S",
        "value": "4"
      },
      {
        "calc_value": 5,
        "name": "ImPlotTimeFmt_HrMinSMs",
        "value": "5"
      },
      {
        "calc_value": 6,
        "name": "ImPlotTimeFmt_HrMinS",
        "value": "6"
      },
      {
        "calc_value": 7,
        "name": "ImPlotTimeFmt_HrMin",
        "value": "7"
      },
      {
        "calc_value": 8,
        "name": "ImPlotTimeFmt_Hr",
        "value": "8"
      }
    ],
    "ImPlotTimeUnit_": [
      {
        "calc_value": 0,
        "name": "ImPlotTimeUnit_Us",
        "value": "0"
      },
      {
        "calc_value": 1,
        "name": "ImPlotTimeUnit_Ms",
        "value": "1"
      },
      {
        "calc_value": 2,
        "name": "ImPlotTimeUnit_S",
        "value": "2"
      },
      {
        "calc_value": 3,
        "name": "ImPlotTimeUnit_Min",
        "value": "3"
      },
      {
        "calc_value": 4,
        "name": "ImPlotTimeUnit_Hr",
        "value": "4"
      },
      {
        "calc_value": 5,
        "name": "ImPlotTimeUnit_Day",
        "value": "5"
      },
      {
        "calc_value": 6,
        "name": "ImPlotTimeUnit_Mo",
        "value": "6"
      },
      {
        "calc_value": 7,
        "name": "ImPlotTimeUnit_Yr",
        "value": "7"
      },
      {
        "calc_value": 8,
        "name": "ImPlotTimeUnit_COUNT",
        "value": "8"
      }
    ]
  },
  "enumtypes": [],
  "locations": {
    "ImAxis_": "implot:97",
    "ImPlotAlignmentData": "implot_internal:828",
    "ImPlotAnnotation": "implot_internal:424",
    "ImPlotAnnotationCollection": "implot_internal:434",
    "ImPlotAxis": "implot_internal:597",
    "ImPlotAxisFlags_": "implot:128",
    "ImPlotBarGroupsFlags_": "implot:195",
    "ImPlotBin_": "implot:320",
    "ImPlotCol_": "implot:209",
    "ImPlotColormapData": "implot_internal:313",
    "ImPlotColormap_": "implot:287",
    "ImPlotCond_": "implot:201",
    "ImPlotContext": "implot_internal:1108",
    "ImPlotDateFmt_": "implot_internal:247",
    "ImPlotDateTimeFmt": "implot_internal:273",
    "ImPlotDragToolFlags_": "implot:186",
    "ImPlotFlags_": "implot:111",
    "ImPlotInputMap": "implot:409",
    "ImPlotItem": "implot_internal:851",
    "ImPlotItemGroup": "implot_internal:897",
    "ImPlotLegend": "implot_internal:873",
    "ImPlotLegendFlags_": "implot:167",
    "ImPlotLocation_": "implot:307",
    "ImPlotMarker_": "implot:271",
    "ImPlotMouseTextFlags_": "implot:178",
    "ImPlotNextItemData": "implot_internal:1079",
    "ImPlotNextPlotData": "implot_internal:1057",
    "ImPlotPlot": "implot_internal:920",
    "ImPlotPoint": "implot:328",
    "ImPlotPointError": "implot_internal:416",
    "ImPlotRange": "implot:342",
    "ImPlotRect": "implot:352",
    "ImPlotScale_": "implot_internal:228",
    "ImPlotStyle": "implot:366",
    "ImPlotStyleVar_": "implot:237",
    "ImPlotSubplot": "implot_internal:1025",
    "ImPlotSubplotFlags_": "implot:151",
    "ImPlotTag": "implot_internal:473",
    "ImPlotTagCollection": "implot_internal:481",
    "ImPlotTick": "implot_internal:522",
    "ImPlotTickCollection": "implot_internal:542",
    "ImPlotTime": "implot_internal:287",
    "ImPlotTimeFmt_": "implot_internal:256",
    "ImPlotTimeUnit_": "implot_internal:235"
  },
  "structs": {
    "ImPlotAlignmentData": [
      {
        "name": "Vertical",
        "type": "bool"
      },
      {
        "name": "PadA",
        "type": "float"
      },
      {
        "name": "PadB",
        "type": "float"
      },
      {
        "name": "PadAMax",
        "type": "float"
      },
      {
        "name": "PadBMax",
        "type": "float"
      }
    ],
    "ImPlotAnnotation": [
      {
        "name": "Pos",
        "type": "ImVec2"
      },
      {
        "name": "Offset",
        "type": "ImVec2"
      },
      {
        "name": "ColorBg",
        "type": "ImU32"
      },
      {
        "name": "ColorFg",
        "type": "ImU32"
      },
      {
        "name": "TextOffset",
        "type": "int"
      },
      {
        "name": "Clamp",
        "type": "bool"
      }
    ],
    "ImPlotAnnotationCollection": [
      {
        "name": "Annotations",
        "template_type": "ImPlotAnnotation",
        "type": "ImVector_ImPlotAnnotation"
      },
      {
        "name": "TextBuffer",
        "type": "ImGuiTextBuffer"
      },
      {
        "name": "Size",
        "type": "int"
      }
    ],
    "ImPlotAxis": [
      {
        "name": "ID",
        "type": "ImGuiID"
      },
      {
        "name": "Flags",
        "type": "ImPlotAxisFlags"
      },
      {
        "name": "PreviousFlags",
        "type": "ImPlotAxisFlags"
      },
      {
        "name": "RangeCond",
        "type": "ImPlotCond"
      },
      {
        "name": "Ticks",
        "type": "ImPlotTickCollection"
      },
      {
        "name": "Range",
        "type": "ImPlotRange"
      },
      {
        "name": "FitExtents",
        "type": "ImPlotRange"
      },
      {
        "name": "OrthoAxis",
        "type": "ImPlotAxis*"
      },
      {
        "name": "LinkedMin",
        "type": "double*"
      },
      {
        "name": "LinkedMax",
        "type": "double*"
      },
      {
        "name": "PickerLevel",
        "type": "int"
      },
      {
        "name": "PickerTimeMin",
        "type": "ImPlotTime"
      },
      {
        "name": "PickerTimeMax",
        "type": "ImPlotTime"
      },
      {
        "name": "Datum1",
        "type": "float"
      },
      {
        "name": "Datum2",
        "type": "float"
      },
      {
        "name": "PixelMin",
        "type": "float"
      },
      {
        "name": "PixelMax",
        "type": "float"
      },
      {
        "name": "LinM",
        "type": "double"
      },
      {
        "name": "LogD",
        "type": "double"
      },
      {
        "name": "HoverRect",
        "type": "ImRect"
      },
      {
        "name": "LabelOffset",
        "type": "int"
      },
      {
        "name": "ColorMaj",
        "type": "ImU32"
      },
      {
        "name": "ColorMin",
        "type": "ImU32"
      },
      {
        "name": "ColorTick",
        "type": "ImU32"
      },
      {
        "name": "ColorTxt",
        "type": "ImU32"
      },
      {
        "name": "ColorBg",
        "type": "ImU32"
      },
      {
        "name": "ColorHov",
        "type": "ImU32"
      },
      {
        "name": "ColorAct",
        "type": "ImU32"
      },
      {
        "name": "ColorHiLi",
        "type": "ImU32"
      },
      {
        "name": "FormatSpec[16]",
        "size": 16,
        "type": "char"
      },
      {
        "name": "Formatter",
        "type": "ImPlotFormatter"
      },
      {
        "name": "FormatterData",
        "type": "void*"
      },
      {
        "name": "Enabled",
        "type": "bool"
      },
      {
        "name": "Vertical",
        "type": "bool"
      },
      {
        "name": "FitThisFrame",
        "type": "bool"
      },
      {
        "name": "HasRange",
        "type": "bool"
      },
      {
        "name": "HasFormatSpec",
        "type": "bool"
      },
      {
        "name": "ShowDefaultTicks",
        "type": "bool"
      },
      {
        "name": "Hovered",
        "type": "bool"
      },
      {
        "name": "Held",
        "type": "bool"
      }
    ],
    "ImPlotColormapData": [
      {
        "name": "Keys",
        "template_type": "ImU32",
        "type": "ImVector_ImU32"
      },
      {
        "name": "KeyCounts",
        "template_type": "int",
        "type": "ImVector_int"
      },
      {
        "name": "KeyOffsets",
        "template_type": "int",
        "type": "ImVector_int"
      },
      {
        "name": "Tables",
        "template_type": "ImU32",
        "type": "ImVector_ImU32"
      },
      {
        "name": "TableSizes",
        "template_type": "int",
        "type": "ImVector_int"
      },
      {
        "name": "TableOffsets",
        "template_type": "int",
        "type": "ImVector_int"
      },
      {
        "name": "Text",
        "type": "ImGuiTextBuffer"
      },
      {
        "name": "TextOffsets",
        "template_type": "int",
        "type": "ImVector_int"
      },
      {
        "name": "Quals",
        "template_type": "bool",
        "type": "ImVector_bool"
      },
      {
        "name": "Map",
        "type": "ImGuiStorage"
      },
      {
        "name": "Count",
        "type": "int"
      }
    ],
    "ImPlotContext": [
      {
        "name": "Plots",
        "template_type": "ImPlotPlot",
        "type": "ImPool_ImPlotPlot"
      },
      {
        "name": "Subplots",
        "template_type": "ImPlotSubplot",
        "type": "ImPool_ImPlotSubplot"
      },
      {
        "name": "CurrentPlot",
        "type": "ImPlotPlot*"
      },
      {
        "name": "CurrentSubplot",
        "type": "ImPlotSubplot*"
      },
      {
        "name": "CurrentItems",
        "type": "ImPlotItemGroup*"
      },
      {
        "name": "CurrentItem",
        "type": "ImPlotItem*"
      },
      {
        "name": "PreviousItem",
        "type": "ImPlotItem*"
      },
      {
        "name": "CTicks",
        "type": "ImPlotTickCollection"
      },
      {
        "name": "Annotations",
        "type": "ImPlotAnnotationCollection"
      },
      {
        "name": "Tags",
        "type": "ImPlotTagCollection"
      },
      {
        "name": "ChildWindowMade",
        "type": "bool"
      },
      {
        "name": "Style",
        "type": "ImPlotStyle"
      },
      {
        "name": "ColorModifiers",
        "template_type": "ImGuiColorMod",
        "type": "ImVector_ImGuiColorMod"
      },
      {
        "name": "StyleModifiers",
        "template_type": "ImGuiStyleMod",
        "type": "ImVector_ImGuiStyleMod"
      },
      {
        "name": "ColormapData",
        "type": "ImPlotColormapData"
      },
      {
        "name": "ColormapModifiers",
        "template_type": "ImPlotColormap",
        "type": "ImVector_ImPlotColormap"
      },
      {
        "name": "Tm",
        "type": "tm"
      },
      {
        "name": "TempDouble1",
        "template_type": "double",
        "type": "ImVector_double"
      },
      {
        "name": "TempDouble2",
        "template_type": "double",
        "type": "ImVector_double"
      },
      {
        "name": "TempInt1",
        "template_type": "int",
        "type": "ImVector_int"
      },
      {
        "name": "DigitalPlotItemCnt",
        "type": "int"
      },
      {
        "name": "DigitalPlotOffset",
        "type": "int"
      },
      {
        "name": "NextPlotData",
        "type": "ImPlotNextPlotData"
      },
      {
        "name": "NextItemData",
        "type": "ImPlotNextItemData"
      },
      {
        "name": "InputMap",
        "type": "ImPlotInputMap"
      },
      {
        "name": "OpenContextThisFrame",
        "type": "bool"
      },
      {
        "name": "MousePosStringBuilder",
        "type": "ImGuiTextBuffer"
      },
      {
        "name": "AlignmentData",
        "template_type": "ImPlotAlignmentData",
        "type": "ImPool_ImPlotAlignmentData"
      },
      {
        "name": "CurrentAlignmentH",
        "type": "ImPlotAlignmentData*"
      },
      {
        "name": "CurrentAlignmentV",
        "type": "ImPlotAlignmentData*"
      }
    ],
    "ImPlotDateTimeFmt": [
      {
        "name": "Date",
        "type": "ImPlotDateFmt"
      },
      {
        "name": "Time",
        "type": "ImPlotTimeFmt"
      },
      {
        "name": "UseISO8601",
        "type": "bool"
      },
      {
        "name": "Use24HourClock",
        "type": "bool"
      }
    ],
    "ImPlotInputMap": [
      {
        "name": "Pan",
        "type": "ImGuiMouseButton"
      },
      {
        "name": "PanMod",
        "type": "ImGuiKeyModFlags"
      },
      {
        "name": "Fit",
        "type": "ImGuiMouseButton"
      },
      {
        "name": "Select",
        "type": "ImGuiMouseButton"
      },
      {
        "name": "SelectCancel",
        "type": "ImGuiMouseButton"
      },
      {
        "name": "SelectMod",
        "type": "ImGuiKeyModFlags"
      },
      {
        "name": "SelectHorzMod",
        "type": "ImGuiKeyModFlags"
      },
      {
        "name": "SelectVertMod",
        "type": "ImGuiKeyModFlags"
      },
      {
        "name": "Menu",
        "type": "ImGuiMouseButton"
      },
      {
        "name": "OverrideMod",
        "type": "ImGuiKeyModFlags"
      },
      {
        "name": "ZoomMod",
        "type": "ImGuiKeyModFlags"
      },
      {
        "name": "ZoomRate",
        "type": "float"
      }
    ],
    "ImPlotItem": [
      {
        "name": "ID",
        "type": "ImGuiID"
      },
      {
        "name": "Color",
        "type": "ImU32"
      },
      {
        "name": "LegendHoverRect",
        "type": "ImRect"
      },
      {
        "name": "NameOffset",
        "type": "int"
      },
      {
        "name": "Show",
        "type": "bool"
      },
      {
        "name": "LegendHovered",
        "type": "bool"
      },
      {
        "name": "SeenThisFrame",
        "type": "bool"
      }
    ],
    "ImPlotItemGroup": [
      {
        "name": "ID",
        "type": "ImGuiID"
      },
      {
        "name": "Legend",
        "type": "ImPlotLegend"
      },
      {
        "name": "ItemPool",
        "template_type": "ImPlotItem",
        "type": "ImPool_ImPlotItem"
      },
      {
        "name": "ColormapIdx",
        "type": "int"
      }
    ],
    "ImPlotLegend": [
      {
        "name": "Flags",
        "type": "ImPlotLegendFlags"
      },
      {
        "name": "PreviousFlags",
        "type": "ImPlotLegendFlags"
      },
      {
        "name": "Location",
        "type": "ImPlotLocation"
      },
      {
        "name": "PreviousLocation",
        "type": "ImPlotLocation"
      },
      {
        "name": "Indices",
        "template_type": "int",
        "type": "ImVector_int"
      },
      {
        "name": "Labels",
        "type": "ImGuiTextBuffer"
      },
      {
        "name": "Rect",
        "type": "ImRect"
      },
      {
        "name": "Hovered",
        "type": "bool"
      },
      {
        "name": "Held",
        "type": "bool"
      },
      {
        "name": "CanGoInside",
        "type": "bool"
      }
    ],
    "ImPlotNextItemData": [
      {
        "name": "Colors[5]",
        "size": 5,
        "type": "ImVec4"
      },
      {
        "name": "LineWeight",
        "type": "float"
      },
      {
        "name": "Marker",
        "type": "ImPlotMarker"
      },
      {
        "name": "MarkerSize",
        "type": "float"
      },
      {
        "name": "MarkerWeight",
        "type": "float"
      },
      {
        "name": "FillAlpha",
        "type": "float"
      },
      {
        "name": "ErrorBarSize",
        "type": "float"
      },
      {
        "name": "ErrorBarWeight",
        "type": "float"
      },
      {
        "name": "DigitalBitHeight",
        "type": "float"
      },
      {
        "name": "DigitalBitGap",
        "type": "float"
      },
      {
        "name": "RenderLine",
        "type": "bool"
      },
      {
        "name": "RenderFill",
        "type": "bool"
      },
      {
        "name": "RenderMarkerLine",
        "type": "bool"
      },
      {
        "name": "RenderMarkerFill",
        "type": "bool"
      },
      {
        "name": "HasHidden",
        "type": "bool"
      },
      {
        "name": "Hidden",
        "type": "bool"
      },
      {
        "name": "HiddenCond",
        "type": "ImPlotCond"
      }
    ],
    "ImPlotNextPlotData": [
      {
        "name": "RangeCond[ImAxis_COUNT]",
        "size": 6,
        "type": "ImPlotCond"
      },
      {
        "name": "Range[ImAxis_COUNT]",
        "size": 6,
        "type": "ImPlotRange"
      },
      {
        "name": "HasRange[ImAxis_COUNT]",
        "size": 6,
        "type": "bool"
      },
      {
        "name": "Fit[ImAxis_COUNT]",
        "size": 6,
        "type": "bool"
      },
      {
        "name": "LinkedMin[ImAxis_COUNT]",
        "size": 6,
        "type": "double*"
      },
      {
        "name": "LinkedMax[ImAxis_COUNT]",
        "size": 6,
        "type": "double*"
      }
    ],
    "ImPlotPlot": [
      {
        "name": "ID",
        "type": "ImGuiID"
      },
      {
        "name": "Flags",
        "type": "ImPlotFlags"
      },
      {
        "name": "PreviousFlags",
        "type": "ImPlotFlags"
      },
      {
        "name": "MouseTextLocation",
        "type": "ImPlotLocation"
      },
      {
        "name": "MouseTextFlags",
        "type": "ImPlotMouseTextFlags"
      },
      {
        "name": "Axes[ImAxis_COUNT]",
        "size": 6,
        "type": "ImPlotAxis"
      },
      {
        "name": "TextBuffer",
        "type": "ImGuiTextBuffer"
      },
      {
        "name": "Items",
        "type": "ImPlotItemGroup"
      },
      {
        "name": "CurrentX",
        "type": "ImAxis"
      },
      {
        "name": "CurrentY",
        "type": "ImAxis"
      },
      {
        "name": "FrameRect",
        "type": "ImRect"
      },
      {
        "name": "CanvasRect",
        "type": "ImRect"
      },
      {
        "name": "PlotRect",
        "type": "ImRect"
      },
      {
        "name": "AxesRect",
        "type": "ImRect"
      },
      {
        "name": "SelectRect",
        "type": "ImRect"
      },
      {
        "name": "SelectStart",
        "type": "ImVec2"
      },
      {
        "name": "TitleOffset",
        "type": "int"
      },
      {
        "name": "JustCreated",
        "type": "bool"
      },
      {
        "name": "Initialized",
        "type": "bool"
      },
      {
        "name": "SetupLocked",
        "type": "bool"
      },
      {
        "name": "FitThisFrame",
        "type": "bool"
      },
      {
        "name": "Hovered",
        "type": "bool"
      },
      {
        "name": "Held",
        "type": "bool"
      },
      {
        "name": "Selecting",
        "type": "bool"
      },
      {
        "name": "Selected",
        "type": "bool"
      },
      {
        "name": "ContextLocked",
        "type": "bool"
      }
    ],
    "ImPlotPoint": [
      {
        "name": "x",
        "type": "double"
      },
      {
        "name": "y",
        "type": "double"
      }
    ],
    "ImPlotPointError": [
      {
        "name": "X",
        "type": "double"
      },
      {
        "name": "Y",
        "type": "double"
      },
      {
        "name": "Neg",
        "type": "double"
      },
      {
        "name": "Pos",
        "type": "double"
      }
    ],
    "ImPlotRange": [
      {
        "name": "Min",
        "type": "double"
      },
      {
        "name": "Max",
        "type": "double"
      }
    ],
    "ImPlotRect": [
      {
        "name": "X",
        "type": "ImPlotRange"
      },
      {
        "name": "Y",
        "type": "ImPlotRange"
      }
    ],
    "ImPlotStyle": [
      {
        "name": "LineWeight",
        "type": "float"
      },
      {
        "name": "Marker",
        "type": "int"
      },
      {
        "name": "MarkerSize",
        "type": "float"
      },
      {
        "name": "MarkerWeight",
        "type": "float"
      },
      {
        "name": "FillAlpha",
        "type": "float"
      },
      {
        "name": "ErrorBarSize",
        "type": "float"
      },
      {
        "name": "ErrorBarWeight",
        "type": "float"
      },
      {
        "name": "DigitalBitHeight",
        "type": "float"
      },
      {
        "name": "DigitalBitGap",
        "type": "float"
      },
      {
        "name": "PlotBorderSize",
        "type": "float"
      },
      {
        "name": "MinorAlpha",
        "type": "float"
      },
      {
        "name": "MajorTickLen",
        "type": "ImVec2"
      },
      {
        "name": "MinorTickLen",
        "type": "ImVec2"
      },
      {
        "name": "MajorTickSize",
        "type": "ImVec2"
      },
      {
        "name": "MinorTickSize",
        "type": "ImVec2"
      },
      {
        "name": "MajorGridSize",
        "type": "ImVec2"
      },
      {
        "name": "MinorGridSize",
        "type": "ImVec2"
      },
      {
        "name": "PlotPadding",
        "type": "ImVec2"
      },
      {
        "name": "LabelPadding",
        "type": "ImVec2"
      },
      {
        "name": "LegendPadding",
        "type": "ImVec2"
      },
      {
        "name": "LegendInnerPadding",
        "type": "ImVec2"
      },
      {
        "name": "LegendSpacing",
        "type": "ImVec2"
      },
      {
        "name": "MousePosPadding",
        "type": "ImVec2"
      },
      {
        "name": "AnnotationPadding",
        "type": "ImVec2"
      },
      {
        "name": "FitPadding",
        "type": "ImVec2"
      },
      {
        "name": "PlotDefaultSize",
        "type": "ImVec2"
      },
      {
        "name": "PlotMinSize",
        "type": "ImVec2"
      },
      {
        "name": "Colors[ImPlotCol_COUNT]",
        "size": 21,
        "type": "ImVec4"
      },
      {
        "name": "Colormap",
        "type": "ImPlotColormap"
      },
      {
        "name": "AntiAliasedLines",
        "type": "bool"
      },
      {
        "name": "UseLocalTime",
        "type": "bool"
      },
      {
        "name": "UseISO8601",
        "type": "bool"
      },
      {
        "name": "Use24HourClock",
        "type": "bool"
      }
    ],
    "ImPlotSubplot": [
      {
        "name": "ID",
        "type": "ImGuiID"
      },
      {
        "name": "Flags",
        "type": "ImPlotSubplotFlags"
      },
      {
        "name": "PreviousFlags",
        "type": "ImPlotSubplotFlags"
      },
      {
        "name": "Items",
        "type": "ImPlotItemGroup"
      },
      {
        "name": "Rows",
        "type": "int"
      },
      {
        "name": "Cols",
        "type": "int"
      },
      {
        "name": "CurrentIdx",
        "type": "int"
      },
      {
        "name": "FrameRect",
        "type": "ImRect"
      },
      {
        "name": "GridRect",
        "type": "ImRect"
      },
      {
        "name": "CellSize",
        "type": "ImVec2"
      },
      {
        "name": "RowAlignmentData",
        "template_type": "ImPlotAlignmentData",
        "type": "ImVector_ImPlotAlignmentData"
      },
      {
        "name": "ColAlignmentData",
        "template_type": "ImPlotAlignmentData",
        "type": "ImVector_ImPlotAlignmentData"
      },
      {
        "name": "RowRatios",
        "template_type": "float",
        "type": "ImVector_float"
      },
      {
        "name": "ColRatios",
        "template_type": "float",
        "type": "ImVector_float"
      },
      {
        "name": "RowLinkData",
        "template_type": "ImPlotRange",
        "type": "ImVector_ImPlotRange"
      },
      {
        "name": "ColLinkData",
        "template_type": "ImPlotRange",
        "type": "ImVector_ImPlotRange"
      },
      {
        "name": "TempSizes[2]",
        "size": 2,
        "type": "float"
      },
      {
        "name": "FrameHovered",
        "type": "bool"
      },
      {
        "name": "HasTitle",
        "type": "bool"
      }
    ],
    "ImPlotTag": [
      {
        "name": "Axis",
        "type": "ImAxis"
      },
      {
        "name": "Value",
        "type": "double"
      },
      {
        "name": "ColorBg",
        "type": "ImU32"
      },
      {
        "name": "ColorFg",
        "type": "ImU32"
      },
      {
        "name": "TextOffset",
        "type": "int"
      }
    ],
    "ImPlotTagCollection": [
      {
        "name": "Tags",
        "template_type": "ImPlotTag",
        "type": "ImVector_ImPlotTag"
      },
      {
        "name": "TextBuffer",
        "type": "ImGuiTextBuffer"
      },
      {
        "name": "Size",
        "type": "int"
      }
    ],
    "ImPlotTick": [
      {
        "name": "PlotPos",
        "type": "double"
      },
      {
        "name": "PixelPos",
        "type": "float"
      },
      {
        "name": "LabelSize",
        "type": "ImVec2"
      },
      {
        "name": "TextOffset",
        "type": "int"
      },
      {
        "name": "Major",
        "type": "bool"
      },
      {
        "name": "ShowLabel",
        "type": "bool"
      },
      {
        "name": "Level",
        "type": "int"
      }
    ],
    "ImPlotTickCollection": [
      {
        "name": "Ticks",
        "template_type": "ImPlotTick",
        "type": "ImVector_ImPlotTick"
      },
      {
        "name": "TextBuffer",
        "type": "ImGuiTextBuffer"
      },
      {
        "name": "MaxSize",
        "type": "ImVec2"
      },
      {
        "name": "LateSize",
        "type": "ImVec2"
      },
      {
        "name": "Size",
        "type": "int"
      }
    ],
    "ImPlotTime": [
      {
        "name": "S",
        "type": "time_t"
      },
      {
        "name": "Us",
        "type": "int"
      }
    ]
  }
}