{
  "ImAxis": "int",
  "ImPlotAlignmentData": "struct ImPlotAlignmentData",
  "ImPlotAnnotation": "struct ImPlotAnnotation",
  "ImPlotAnnotationCollection": "struct ImPlotAnnotationCollection",
  "ImPlotAxis": "struct ImPlotAxis",
  "ImPlotAxisColor": "struct ImPlotAxisColor",
  "ImPlotAxisFlags": "int",
  "ImPlotBarGroupsFlags": "int",
  "ImPlotBin": "int",
  "ImPlotCol": "int",
  "ImPlotColormap": "int",
  "ImPlotColormapData": "struct ImPlotColormapData",
  "ImPlotCond": "int",
  "ImPlotContext": "struct ImPlotContext",
  "ImPlotDateFmt": "int",
  "ImPlotDateTimeFmt": "struct ImPlotDateTimeFmt",
  "ImPlotDragToolFlags": "int",
  "ImPlotFlags": "int",
  "ImPlotFormatter": "void(*)(double value,char* buff,int size,void* user_data);",
  "ImPlotGetter": "ImPlotPoint(*)(void* user_data,int idx);",
  "ImPlotInputMap": "struct ImPlotInputMap",
  "ImPlotItem": "struct ImPlotItem",
  "ImPlotItemGroup": "struct ImPlotItemGroup",
  "ImPlotLegend": "struct ImPlotLegend",
  "ImPlotLegendFlags": "int",
  "ImPlotLocation": "int",
  "ImPlotMarker": "int",
  "ImPlotMouseTextFlags": "int",
  "ImPlotNextItemData": "struct ImPlotNextItemData",
  "ImPlotNextPlotData": "struct ImPlotNextPlotData",
  "ImPlotPlot": "struct ImPlotPlot",
  "ImPlotPoint": "struct ImPlotPoint",
  "ImPlotPointError": "struct ImPlotPointError",
  "ImPlotRange": "struct ImPlotRange",
  "ImPlotRect": "struct ImPlotRect",
  "ImPlotScale": "int",
  "ImPlotStyle": "struct ImPlotStyle",
  "ImPlotStyleVar": "int",
  "ImPlotSubplot": "struct ImPlotSubplot",
  "ImPlotSubplotFlags": "int",
  "ImPlotTag": "struct ImPlotTag",
  "ImPlotTagCollection": "struct ImPlotTagCollection",
  "ImPlotTick": "struct ImPlotTick",
  "ImPlotTickCollection": "struct ImPlotTickCollection",
  "ImPlotTime": "struct ImPlotTime",
  "ImPlotTimeFmt": "int",
  "ImPlotTimeUnit": "int"
}